<?xml version="1.0"?>
<!DOCTYPE restaurant SYSTEM "restaurant.dtd">
<restaurant>
<nom>Bar Olímpiades</nom>
<ubicacio/>
<plats>
<plat>
<nom>Ous farcits</nom>
<preu>2€</preu>
<ingredients>
<ingredient>ous</ingredient>
<ingredient>tonyina</ingredient>
<ingredient>maionesa</ingredient>
</ingredients>
</plat>
<plat>
<nom>Amanida verda</nom>
<preu>1,56€</preu>
<ingredients>
<ingredient>enciam</ingredient>
<ingredient>tomàquet</ingredient>
<ingredient>olives</ingredient>
<ingredient>alvocat</ingredient>
</ingredients>
</plat>
<plat>
<nom>Lasanya</nom>
<ingredients>
<ingredient>carn</ingredient>
<ingredient>formatge</ingredient>
<ingredient>pasta</ingredient>
<ingredient>ceba</ingredient>
</ingredients>
</plat>
<plat>
<nom>Paella</nom>
</plat>
</plats>
</restaurant>
