
<?xml version="1.0" encoding="ISO-8859-1"?>
<?xml-stylesheet type="text/css" href="temps.css" ?>
<temps> 
<setmana id="setmana">
<titol>Del 12 al 19 de novembre 2012</titol>
</setmana>
<poblacio>
<nom id="prat">El Prat de Llobregat</nom>
<setmana>
<dia temps="nuvol">Dilluns</dia>
<dia temps="sol">Dimarts</dia>
<dia temps="sol">Dimecres</dia>
<dia temps="sol">Dijous</dia>
<dia temps="neu">Divendres</dia>
</setmana>
</poblacio>
<poblacio>
<nom id="chelsea">Chelsea</nom>
<setmana>
<dia temps="neu">Dilluns</dia>
<dia temps="sol/nuvol">Dimarts</dia>
<dia temps="plugim">Dimecres</dia>
<dia temps="pluja">Dijous</dia>
<dia temps="pluja">Divendres</dia>
</setmana>
</poblacio>
<poblacio>
<nom id="sabadell">Sabadell</nom>
<setmana>
<dia temps="sol">Dilluns</dia>
<dia temps="sol">Dimarts</dia>
<dia temps="tormenta">Dimecres</dia>
<dia temps="plugim">Dijous</dia>
<dia temps="sol">Divendres</dia>
</setmana>
</poblacio> 
</temps>
