<parking xmlns:xsd="http://www.w3.org/2001/XMLSchema-instance" 
xsd:noNamespaceSchemaLocation="SchemaParking2.xsd">

    <nom>Parking Chile</nom>
    <ubicacio>
   	 <carrer>Passeig de Sant Joan</carrer>
   	 <localitat>Barcelona</localitat>
    </ubicacio> 
    <cotxe matricula="B-1899H">
   	 <conductor dni="23345678">Marta Figueras</conductor>
   	 <data_pagament>2013-11-11</data_pagament>
    </cotxe>
    <cotxe matricula="G-1234T">
   	 <conductor dni="12345678">Helena Pons</conductor>
   	 <data_pagament>2013-10-12</data_pagament>
    </cotxe>
    <cotxe matricula="I-1234G">
   	 <conductor dni="45678234">Luiggi Pinnarello</conductor>
   	 <data_pagament>2013-11-15</data_pagament>
    </cotxe>   	 
    <cotxe matricula="G-1238T">
   	 <conductor dni="44567823">Maria Rubí</conductor>
   	 <data_pagament>2013-12-01</data_pagament>
    </cotxe>
</parking>

