<parking 
xmlns:xsd="http://www.w3.org/2001/XMLSchema-instance" 
xsd:noNamespaceSchemaLocation="SchemaParking1.xsd">

    <nom>Parking Chile</nom>
    <ubicacio>
   	 <carrer>Passeig de Sant Joan</carrer>
   	 <localitat>Barcelona</localitat>
    </ubicacio>
    <cotxe>
   	 <conductor>Marta Figueras</conductor>
   	 <data_pagament>2013-11-11</data_pagament>
   	 <model>Ford</model>
    </cotxe>
    <cotxe>
   	 <data_pagament>2013-10-12</data_pagament>   
	 <conductor>Helena Pons</conductor>
   	 <benzina>Gasoil</benzina>
    </cotxe>
    <cotxe>
   	 <conductor>Luiggi Pinnarello</conductor>
   	 <data_pagament>2013-11-15</data_pagament>
   	 <benzina>Super</benzina>
    </cotxe>   	 
    <cotxe>
   	 <conductor>Maria Rubí</conductor>
   	 <model>Renault</model>
    </cotxe>
</parking>

