<?xml version="1.0" encoding="utf-8"?>
<oferta>
    <esdeveniment edat_minima="18">
        <ubicacio>
            <barri>Ciutat Vella</barri>
            <edifici>Filmoteca de Catalunya</edifici>
            <adreca>Plaça Salvador Seguí, 1</adreca>
        </ubicacio>
        <data>
            <dia>10/04/2015</dia>  
            <hora_inici>16</hora_inici>
            <hora_final>18</hora_final>
        </data>
        <artista>
            <nom>Eduardo Chapero-Jackson</nom>
            <pais_naixement>Espanya</pais_naixement>
            <any_naixement>1971</any_naixement>
        </artista>
        <titol>Los mundos sutiles</titol>
        <preu>4</preu>
        <categoria>Cinema</categoria>
    </esdeveniment>
    <esdeveniment edat_minima="2">
        <ubicacio>
            <barri>Poblenou</barri>
            <edifici>Casino l'Aliança</edifici>
            <adreca>Rambla del Poblenou, 42</adreca>
        </ubicacio>
        <data>
            <dia>10/04/2015</dia>  
            <hora_inici>18</hora_inici>
            <hora_final>20</hora_final>
        </data>
        <artista>
            <nom>El negrito producciones</nom>
            <pais_naixement>Marroc</pais_naixement>
            <any_naixement>1971</any_naixement>
        </artista>
        <titol>Tarzán, el musical</titol>
        <preu>0</preu>
        <categoria>Teatre</categoria>
    </esdeveniment>
    <esdeveniment>
        <ubicacio>
            <barri>Ciutat Vella</barri>
            <edifici>Palau de la Música</edifici>
            <adreca>C/ Palau de la Música, 4-6</adreca>
        </ubicacio>
        <data>
            <dia>10/04/2015</dia>  
            <hora_inici>19</hora_inici>
            <hora_final>21</hora_final>
        </data>
        <artista>
            <nom>Orquestra Simfònica del Vallès</nom>
            <pais_naixement>Espanya</pais_naixement>
            <any_naixement>1989</any_naixement>
        </artista>
        <titol>Beethoven, la Pastoral </titol>
        <preu>16</preu>
        <categoria>Música</categoria>
    </esdeveniment>
    <esdeveniment edat_minima="14">
        <ubicacio>
            <barri>Ciutat Vella</barri>
            <edifici>Macba</edifici>
            <adreca>Plaça dels Àngels, 1</adreca>
        </ubicacio>
        <data>
            <dia>10/04/2015</dia>  
            <hora_inici>19</hora_inici>
            <hora_final>20</hora_final>
        </data>
        <artista>
            <nom>Sol Picó</nom>
            <pais_naixement>Espanya</pais_naixement>
            <any_naixement>1967</any_naixement>
        </artista>
        <titol>Desig a la deriva</titol>
        <preu>9</preu>
        <categoria>Teatre</categoria>
    </esdeveniment>
    <esdeveniment edat_minima="14">
        <ubicacio>
            <barri>Eixample</barri>
            <edifici>Auditori</edifici>
            <adreca>C/ Lepant, 150</adreca>
        </ubicacio>
        <data>
            <dia>10/04/2015</dia>  
            <hora_inici>17</hora_inici>
            <hora_final>19</hora_final>
        </data>
        <artista>
            <nom>OBC</nom>
            <pais_naixement>Espanya</pais_naixement>
            <any_naixement>1997</any_naixement>
        </artista>
        <titol>Rèquiem de Brahms</titol>
        <preu>10</preu>
        <categoria>Música</categoria>
    </esdeveniment>
    <esdeveniment edat_minima="14">
        <ubicacio>
            <barri>Ciutat Vella</barri>
            <edifici>Filmoteca de Catalunya</edifici>
            <adreca>Plaça Salvador Seguí, 1</adreca>
        </ubicacio>
        <data>
            <dia>10/04/2015</dia>  
            <hora_inici>19</hora_inici>
            <hora_final>20</hora_final>
        </data>
        <artista>
            <nom>Alberto Calvacanti</nom>
            <pais_naixement>Espanya</pais_naixement>
            <any_naixement>1967</any_naixement>
        </artista>
        <titol>Desig a la deriva</titol>
        <preu>9</preu>
        <categoria>Teatre</categoria>
    </esdeveniment>
    <esdeveniment edat_minima="16">
        <ubicacio>
            <barri>Ciutat Vella</barri>
            <edifici>BARTS</edifici>
            <adreca>Avinguda paral·lel, 63</adreca>
        </ubicacio>
        <data>
            <dia>11/04/2015</dia>  
            <hora_inici>21</hora_inici>
            <hora_final>23</hora_final>
        </data>
        <artista>
            <nom>Estopa</nom>
            <pais_naixement>Espanya</pais_naixement>
            <any_naixement>2000</any_naixement>
        </artista>
        <titol>Estopa</titol>
        <preu>35</preu>
        <categoria>Música</categoria>
    </esdeveniment>
    <esdeveniment edat_minima="16">
        <ubicacio>
            <barri>Ciutat Vella</barri>
            <edifici>El Born Centre Cultural</edifici>
            <adreca>Plaça Comercial, 12</adreca>
        </ubicacio>
        <data>
            <dia>11/04/2015</dia>  
            <hora_inici>21</hora_inici>
            <hora_final>23</hora_final>
        </data>
        <artista>
            <nom>Gemma Reguant</nom>
            <pais_naixement>Espanya</pais_naixement>
            <any_naixement>1964</any_naixement>
        </artista>
        <titol>Un tast de Foix</titol>
        <preu>5</preu>
        <categoria>Teatre</categoria>
    </esdeveniment>
    <esdeveniment edat_minima="12">
        <ubicacio>
            <barri>Ciutat Vella</barri>
            <edifici>Filmoteca de Catalunya</edifici>
            <adreca>Plaça Salvador Seguí, 1</adreca>
        </ubicacio>
        <data>
            <dia>11/04/2015</dia>  
            <hora_inici>21</hora_inici>
            <hora_final>23</hora_final>
        </data>
        <artista>
            <nom>Jaques Tati</nom>
            <pais_naixement>França</pais_naixement>
            <any_naixement>1907</any_naixement>
        </artista>
        <titol>El meu oncle</titol>
        <preu>4</preu>
        <categoria>Cinema</categoria>
    </esdeveniment>
    <esdeveniment edat_minima="16">
        <ubicacio>
            <barri>Ciutat Vella</barri>
            <edifici>Ateneu Barcelonès</edifici>
            <adreca>Carrer de la Canuda, 6</adreca>
        </ubicacio>
        <data>
            <dia>11/04/2015</dia>  
            <hora_inici>11</hora_inici>
            <hora_final>14</hora_final>
        </data>
        <titol>L'Europa que patim, l'Europa que desitgem</titol>
        <preu>0</preu>
        <categoria>Conferència</categoria>
    </esdeveniment>
    <esdeveniment>
        <ubicacio>
            <barri>Ciutat Vella</barri>
            <edifici>El Born Centre Cultural</edifici>
            <adreca>Plaça Comercial, 12</adreca>
        </ubicacio>
        <data>
            <dia>11/04/2015</dia>  
            <hora_inici>13</hora_inici>
            <hora_final>15</hora_final>
        </data>
        <artista>
            <nom>Companyia Antoni Rossell</nom>
            <pais_naixement>Espanya</pais_naixement>
        </artista>
        <titol>Cançons i romanços populars catalans de la Guerra Successió</titol>
        <preu>0</preu>
        <categoria>Música</categoria>
    </esdeveniment>
    <esdeveniment edat_minima="12">
        <ubicacio>
            <barri>Eixample</barri>
            <edifici>Teatre Nacional de Catalunya </edifici>
            <adreca>Plaça de les Arts, 1</adreca>
        </ubicacio>
        <data>
            <dia>11/04/2015</dia>  
            <hora_inici>16</hora_inici>
            <hora_final>20</hora_final>
        </data>
        <artista>
            <nom>Shen Yun Performing Arts</nom>
            <pais_naixement>Xina</pais_naixement>
        </artista>
        <titol>Shen Yun</titol>
        <preu>45</preu>
        <categoria>Dansa</categoria>
    </esdeveniment>
    <esdeveniment edat_minima="14">
        <ubicacio>
            <barri>Nou Barris</barri>  
            <edifici>Espai Jove Les Basses</edifici>
            <adreca>Carrer del Teide, 20</adreca>
        </ubicacio>
        <data>
            <dia>11/04/2015</dia>  
            <hora_inici>17</hora_inici>
            <hora_final>23</hora_final>
        </data>
        <titol>Furius Open Styles</titol>
        <preu>0</preu>
        <categoria>Dansa</categoria>
    </esdeveniment>
    <esdeveniment edat_minima="12">
        <ubicacio>
            <barri>Ciutat Vella</barri>
            <edifici>Circol Maldà</edifici>
            <adreca>Carrer del Pi, 5</adreca>
        </ubicacio>
        <data>
            <dia>11/04/2015</dia>  
            <hora_inici>18</hora_inici>
            <hora_final>20</hora_final>
        </data>
        <artista>
            <nom>Ariadna Cabiró</nom>
            <pais_naixement>Espanya</pais_naixement>
            <any_naixement>1998</any_naixement>
        </artista>
        <titol>La Ferlandina</titol>
        <preu>10</preu>
        <categoria>Música</categoria>
    </esdeveniment>
    <esdeveniment edat_minima="16">
        <ubicacio>
            <barri>Sant Martí</barri>  
            <edifici>Razzmatazz</edifici>
            <adreca>Carrer dels Almogàvers, 122</adreca>
        </ubicacio>
        <data>
            <dia>11/04/2015</dia>  
            <hora_inici>19</hora_inici>
            <hora_final>22</hora_final>
        </data>
        <artista>
            <nom>Love of Lesbian</nom>
            <pais_naixement>Espanya</pais_naixement>
            <any_naixement>1998</any_naixement>
        </artista>
        <titol>Gira LOL 2013</titol>
        <preu>27</preu>
        <categoria>Música</categoria>
    </esdeveniment>
    <esdeveniment edat_minima="12">
        <ubicacio>
            <barri>Eixample</barri>
            <edifici>Auditori</edifici>
            <adreca>Carrer Lepant, 150</adreca>
        </ubicacio>
        <data>
            <dia>11/04/2015</dia>  
            <hora_inici>19</hora_inici>
            <hora_final>21</hora_final>
        </data>
        <artista>
            <nom>OBC</nom>
            <pais_naixement>Espanya</pais_naixement>
            <any_naixement>1997</any_naixement>
        </artista>
        <titol>Simfonia dels mil de Mahler</titol>
        <preu>10</preu>
        <categoria>Música</categoria>
    </esdeveniment>      
    <esdeveniment edat_minima="14">
        <ubicacio>
            <barri>Ciutat Vella</barri>
            <edifici>Filmoteca de Catalunya</edifici>
            <adreca>Plaça Salvador Seguí, 1</adreca>
        </ubicacio>
        <data>
            <dia>11/04/2015</dia>  
            <hora_inici>19</hora_inici>
            <hora_final>21</hora_final>
        </data>
        <artista>
            <nom>Jerry Lewis</nom>
            <pais_naixement>Estats Units</pais_naixement>
            <any_naixement>1927</any_naixement>
        </artista>
        <titol>El terror de las chicas</titol>
        <preu>4</preu>
        <categoria>Cinema</categoria>
    </esdeveniment>      
    <esdeveniment edat_minima="18">
        <ubicacio>
            <barri>Ciutat Vella</barri>
            <edifici>Jazz Si Club</edifici>
            <adreca>Carrer Requesens, 2</adreca>
        </ubicacio>
        <data>
            <dia>11/04/2015</dia>  
            <hora_inici>20</hora_inici>
            <hora_final>23</hora_final>
        </data>
        <titol>Concert i jam session de jazz</titol>
        <preu>6</preu>
        <categoria>Música</categoria>
    </esdeveniment>      
    <esdeveniment edat_minima="14">
        <ubicacio>
            <barri>Ciutat Vella</barri>
            <edifici>Museu Marítim</edifici>
            <adreca>Av. Drassanes, 1</adreca>
        </ubicacio>
        <data>
            <dia>11/04/2015</dia>  
            <hora_inici>20</hora_inici>
            <hora_final>22</hora_final>
        </data>
        <artista>
            <nom>Arnau Vilardebò</nom>
            <pais_naixement>Espanya</pais_naixement>
            <any_naixement>1992</any_naixement>
        </artista>
        <titol>88 infinits</titol>
        <preu>12</preu>
        <categoria>Teatre</categoria>
    </esdeveniment>      
    <esdeveniment edat_minima="14">
        <ubicacio>
            <barri>Sant Andreu</barri> 
            <edifici>Casal de Joves Bon Pastor</edifici>
            <adreca>Flix, 29</adreca>
        </ubicacio>
        <data>
            <dia>10/04/2015</dia>  
            <hora_inici>18</hora_inici>
            <hora_final>19</hora_final>
        </data>
        <titol>Zapatismo, 20 anys després</titol>
        <preu>0</preu>
        <categoria>Conferència</categoria>
    </esdeveniment>      
    <esdeveniment edat_minima="16">
        <ubicacio>
            <barri>Sant Martí</barri>  
            <edifici>Razzmatazz</edifici>
            <adreca>Carrer dels Almogàvers, 122</adreca>
        </ubicacio>
        <data>
            <dia>10/04/2015</dia>  
            <hora_inici>19</hora_inici>
            <hora_final>22</hora_final>
        </data>
        <artista>
            <nom>Love of Lesbian</nom>
            <pais_naixement>Espanya</pais_naixement>
            <any_naixement>1998</any_naixement>
        </artista>
        <titol>Gira LOL 2013</titol>
        <preu>27</preu>
        <categoria>Música</categoria>
    </esdeveniment>  
    <esdeveniment edat_minima="12">
        <ubicacio>
            <barri>Eixample</barri>
            <edifici>Teatre Nacional de Catalunya </edifici>
            <adreca>Plaça de les Arts, 1</adreca>
        </ubicacio>
        <data>
            <dia>10/04/2015</dia>  
            <hora_inici>20</hora_inici>
            <hora_final>23</hora_final>
        </data>
        <artista>
            <nom>Shen Yun Performing Arts</nom>
            <pais_naixement>Xina</pais_naixement>
        </artista>
        <titol>Shen Yun</titol>
        <preu>45</preu>
        <categoria>Dansa</categoria>
    </esdeveniment>
    <esdeveniment edat_minima="16">
        <ubicacio>
            <barri>Ciutat Vella</barri>
            <edifici>BARTS</edifici>
            <adreca>Avinguda paral·lel, 63</adreca>
        </ubicacio>
        <data>
            <dia>10/04/2015</dia>  
            <hora_inici>21</hora_inici>
            <hora_final>23</hora_final>
        </data>
        <artista>
            <nom>Estopa</nom>
            <pais_naixement>Espanya</pais_naixement>
            <any_naixement>2000</any_naixement>
        </artista>
        <titol>Estopa</titol>
        <preu>35</preu>
        <categoria>Música</categoria>
    </esdeveniment>
    <esdeveniment edat_minima="12">
        <ubicacio>
            <barri>Eixample</barri>
            <edifici>Auditori</edifici>
            <adreca>Carrer Lepant, 150</adreca>
        </ubicacio>
        <data>
            <dia>10/04/2015</dia>  
            <hora_inici>19</hora_inici>
            <hora_final>21</hora_final>
        </data>
        <artista>
            <nom>OBC</nom>
            <pais_naixement>Espanya</pais_naixement>
            <any_naixement>1997</any_naixement>
        </artista>
        <titol>Simfonia dels mil de Mahler</titol>
        <preu>10</preu>
        <categoria>Música</categoria>
    </esdeveniment>  
    <esdeveniment edat_minima="16">
        <ubicacio>
            <barri>Sants</barri>   
            <edifici>Apolo</edifici>
            <adreca>Carrer Nou de la Rambla, 113</adreca>
        </ubicacio>
        <data>
            <dia>10/04/2015</dia>  
            <hora_inici>20</hora_inici>
            <hora_final>22</hora_final>
        </data>
        <artista>
            <nom>Pony Bravo + Persons</nom>
            <pais_naixement>Espanya</pais_naixement>
            <any_naixement>2010</any_naixement>
        </artista>
        <titol>El Rancho</titol>
        <preu>21</preu>
        <categoria>Música</categoria>
    </esdeveniment>  
    <esdeveniment edat_minima="18">
        <ubicacio>
            <barri>Ciutat Vella</barri>
            <edifici>Filmoteca de Catalunya</edifici>
            <adreca>Plaça Salvador Seguí, 1</adreca>
        </ubicacio>
        <data>
            <dia>10/04/2015</dia>  
            <hora_inici>20</hora_inici>
            <hora_final>22</hora_final>
        </data>
        <artista>
            <nom>Nikola Arcel</nom>
            <pais_naixement>Dinamarca</pais_naixement>
            <any_naixement>1972</any_naixement>
        </artista>
        <titol>Un asunto Real</titol>
        <preu>4</preu>
        <categoria>Cinema</categoria>
    </esdeveniment>
    <esdeveniment edat_minima="16">
        <ubicacio>
            <barri>Gràcia</barri>  
            <edifici>Alfa</edifici>
            <adreca>Carrer Gran de Gràcia, 113</adreca>
        </ubicacio>
        <data>
            <dia>10/04/2015</dia>  
            <hora_inici>22</hora_inici>
            <hora_final>24</hora_final>
        </data>
        <artista>
            <nom>Joel Reyes</nom>
            <pais_naixement>Espanya</pais_naixement>
            <any_naixement>1992</any_naixement>
        </artista>
        <titol>Malacabeza</titol>
        <preu>5</preu>
        <categoria>Música</categoria>
    </esdeveniment>      
    <esdeveniment edat_minima="16">
        <ubicacio>
            <barri>Gràcia</barri>  
            <edifici>Alfa</edifici>
            <adreca>Carrer Gran de Gràcia, 113</adreca>
        </ubicacio>
        <data>
            <dia>10/04/2015</dia>  
            <hora_inici>22</hora_inici>
            <hora_final>24</hora_final>
        </data>
        <artista>
            <nom>Joel Reyes</nom>
            <pais_naixement>Espanya</pais_naixement>
            <any_naixement>1992</any_naixement>
        </artista>
        <titol>Malacabeza</titol>
        <preu>5</preu>
        <categoria>Música</categoria>
    </esdeveniment>          
    <esdeveniment edat_minima="12">
        <ubicacio>
            <barri>Eixample</barri>
            <edifici>Auditori</edifici>
            <adreca>Carrer Lepant, 150</adreca>
        </ubicacio>
        <data>
            <dia>12/04/2015</dia>  
            <hora_inici>11</hora_inici>
            <hora_final>13</hora_final>
        </data>
        <artista>
            <nom>OBC</nom>
            <pais_naixement>Espanya</pais_naixement>
            <any_naixement>1997</any_naixement>
        </artista>
        <titol>Simfonia dels mil de Mahler</titol>
        <preu>10</preu>
        <categoria>Música</categoria>
    </esdeveniment>
    <esdeveniment edat_minima="16">
        <ubicacio>
            <barri>Gràcia</barri>  
            <edifici>Heliogàbal</edifici>
            <adreca>Carrer Ramon y Cajal, 80</adreca>
        </ubicacio>
        <data>
            <dia>12/04/2015</dia>  
            <hora_inici>12</hora_inici>
            <hora_final>14</hora_final>
        </data>
        <artista>
            <nom>Los locos del oeste</nom>
            <pais_naixement>Espanya</pais_naixement>
            <any_naixement>2000</any_naixement>
        </artista>
        <titol>Country Jazz</titol>
        <preu>6</preu>
        <categoria>Música</categoria>
    </esdeveniment>              
    <esdeveniment edat_minima="14">
        <ubicacio>
            <barri>Ciutat Vella</barri>
            <edifici>Museu Marítim</edifici>
            <adreca>Av. Drassanes, 1</adreca>
        </ubicacio>
        <data>
            <dia>11/04/2015</dia>  
            <hora_inici>19</hora_inici>
            <hora_final>21</hora_final>
        </data>
        <artista>
            <nom>Arnau Vilardebò</nom>
            <pais_naixement>Espanya</pais_naixement>
            <any_naixement>1992</any_naixement>
        </artista>
        <titol>88 infinits</titol>
        <preu>12</preu>
        <categoria>Teatre</categoria>
    </esdeveniment>          
    <esdeveniment edat_minima="16">
        <ubicacio>
            <barri>Ciutat Vella</barri>
            <edifici>BARTS</edifici>
            <adreca>Avinguda paral·lel, 63</adreca>
        </ubicacio>
        <data>
            <dia>12/04/2015</dia>  
            <hora_inici>21</hora_inici>
            <hora_final>23</hora_final>
        </data>
        <artista>
            <nom>Estopa</nom>
            <pais_naixement>Espanya</pais_naixement>
            <any_naixement>2000</any_naixement>
        </artista>
        <titol>Estopa</titol>
        <preu>35</preu>
        <categoria>Música</categoria>
    </esdeveniment>  
    <esdeveniment edat_minima="18">
        <ubicacio>
            <barri>Ciutat Vella</barri>
            <edifici>Filmoteca de Catalunya</edifici>
            <adreca>Plaça Salvador Seguí, 1</adreca>
        </ubicacio>
        <data>
            <dia>12/04/2015</dia>  
            <hora_inici>16</hora_inici>
            <hora_final>18</hora_final>
        </data>
        <artista>
            <nom>Alfred Hitchkock</nom>
            <pais_naixement>Anglaterra</pais_naixement>
            <any_naixement>1899</any_naixement>
        </artista>
        <titol>Vertigo</titol>
        <preu>4</preu>
        <categoria>Cinema</categoria>
    </esdeveniment>
    <esdeveniment edat_minima="14">
        <ubicacio>
            <barri>Ciutat Vella</barri>
            <edifici>Filmoteca de Catalunya</edifici>
            <adreca>Plaça Salvador Seguí, 1</adreca>
        </ubicacio>
        <data>
            <dia>12/04/2015</dia>  
            <hora_inici>19</hora_inici>
            <hora_final>21</hora_final>
        </data>
        <artista>
            <nom>Jerry Lewis</nom>
            <pais_naixement>Estats Units</pais_naixement>
            <any_naixement>1927</any_naixement>
        </artista>
        <titol>Las joyas de la familia</titol>
        <preu>4</preu>
        <categoria>Cinema</categoria>
    </esdeveniment>      
    <esdeveniment edat_minima="14">
        <ubicacio>
            <barri>Ciutat Vella</barri>
            <edifici>Filmoteca de Catalunya</edifici>
            <adreca>Plaça Salvador Seguí, 1</adreca>
        </ubicacio>
        <data>
            <dia>12/04/2015</dia>  
            <hora_inici>21</hora_inici>
            <hora_final>23</hora_final>
        </data>
        <artista>
            <nom>Katsuhiro Ôtomo</nom>
            <pais_naixement>Japó</pais_naixement>
            <any_naixement>1954</any_naixement>
        </artista>
        <titol>Akira</titol>
        <preu>4</preu>
        <categoria>Cinema</categoria>
    </esdeveniment>          
    <esdeveniment edat_minima="16">
        <ubicacio>
            <barri>Gràcia</barri>  
            <edifici>La Sonora de Gràcia</edifici>
            <adreca>Carrer Riera de Sant Miquel, 1</adreca>
        </ubicacio>
        <data>
            <dia>12/04/2015</dia>  
            <hora_inici>20</hora_inici>
            <hora_final>22</hora_final>
        </data>
        <titol>Cuerdas acordes</titol>
        <preu>0</preu>
        <categoria>Música</categoria>
    </esdeveniment>      
    <esdeveniment>
        <ubicacio>
            <barri>Ciutat Vella</barri>
            <edifici>23 Robador</edifici>
            <adreca>C/ Robadors, 23</adreca>
        </ubicacio>
        <data>
            <dia>12/04/2015</dia>  
            <hora_inici>21</hora_inici>
            <hora_final>24</hora_final>
        </data>
        <artista>
            <nom>Rosalia</nom>
            <pais_naixement>Espanya</pais_naixement>
            <any_naixement>1989</any_naixement>
        </artista>
        <titol>Rosalía (flamenc)</titol>
        <preu>3</preu>
        <categoria>Música</categoria>
    </esdeveniment>
    <esdeveniment edat_minima="16">
        <ubicacio>
            <barri>Ciutat Vella</barri>
            <edifici>El Born Centre Cultural</edifici>
            <adreca>Plaça Comercial, 12</adreca>
        </ubicacio>
        <data>
            <dia>12/04/2015</dia>  
            <hora_inici>21</hora_inici>
            <hora_final>23</hora_final>
        </data>
        <titol>Encontros imaginaris: Pessoa, Brooks i Picasso</titol>
        <preu>5</preu>
        <categoria>Teatre</categoria>
    </esdeveniment>
    <esdeveniment edat_minima="18">
        <ubicacio>
            <barri>Ciutat Vella</barri>
            <edifici>Jazz Si Club</edifici>
            <adreca>Carrer Requesens, 2</adreca>
        </ubicacio>
        <data>
            <dia>12/04/2015</dia>  
            <hora_inici>19</hora_inici>
            <hora_final>22</hora_final>
        </data>
        <titol>Brigitte i David 'Sam' Quartet</titol>
        <preu>6</preu>
        <categoria>Música</categoria>
    </esdeveniment>  
    <esdeveniment>
        <ubicacio>
            <barri>Ciutat Vella</barri>
            <edifici>Palau de la Música</edifici>
            <adreca>C/ Palau de la Música, 4-6</adreca>
        </ubicacio>
        <data>
            <dia>10/04/2015</dia>  
            <hora_inici>17</hora_inici>
            <hora_final>20</hora_final>
        </data>
        <artista>
            <nom>Carl Off</nom>
            <pais_naixement>Alemanya</pais_naixement>
            <any_naixement>1895</any_naixement>
        </artista>
        <titol>Carmina Burana</titol>
        <preu>22</preu>
        <categoria>Música</categoria>
    </esdeveniment>
    <esdeveniment edat_minima="16">
        <ubicacio>
            <barri>Gràcia</barri>  
            <edifici>Alfa</edifici>
            <adreca>Carrer Gran de Gràcia, 113</adreca>
        </ubicacio>
        <data>
            <dia>11/04/2015</dia>  
            <hora_inici>22</hora_inici>
            <hora_final>24</hora_final>
        </data>
        <titol>Barcelona Gipsy Klezmer Orchestra</titol>
        <preu>7</preu>
        <categoria>Música</categoria>
    </esdeveniment>
    <esdeveniment edat_minima="14">
        <ubicacio>
            <barri>Sant Andreu</barri> 
            <edifici>Casal de Joves Bon Pastor</edifici>
            <adreca>Flix, 29</adreca>
        </ubicacio>
        <data>
            <dia>11/04/2015</dia>  
            <hora_inici>19</hora_inici>
            <hora_final>20</hora_final>
        </data>
        <artista>
            <nom>Empty Streets</nom>
            <pais_naixement>Estats Units</pais_naixement>
        </artista>
        <titol>En nom de Lucrècia</titol>
        <preu>0</preu>
        <categoria>Conferència</categoria>
    </esdeveniment>
        <esdeveniment edat_minima="16">
        <ubicacio>
            <barri>Gràcia</barri>  
            <edifici>La Sonora de Gràcia</edifici>
            <adreca>Carrer Riera de Sant Miquel, 1</adreca>
        </ubicacio>
        <data>
            <dia>11/04/2015</dia>  
            <hora_inici>22</hora_inici>
            <hora_final>24</hora_final>
        </data>
        <titol>djmamayé</titol>
        <preu>0</preu>
        <categoria>Música</categoria>
    </esdeveniment>  
    <esdeveniment edat_minima="14">
        <ubicacio>
            <barri>Ciutat Vella</barri>
            <edifici>Palau de la Música</edifici>
            <adreca>C/ Palau de la Música, 4-6</adreca>
        </ubicacio>
        <data>
            <dia>11/04/2015</dia>  
            <hora_inici>21</hora_inici>
            <hora_final>23</hora_final>
        </data>
        <artista>
            <nom>Pedro Javier González</nom>
            <pais_naixement>Espanya</pais_naixement>
            <any_naixement>1970</any_naixement>
        </artista>
        <titol>Guitarra! </titol>
        <preu>28</preu>
        <categoria>Música</categoria>
    </esdeveniment>  
</oferta>

