<mon>
	<zonaplanetaria>
		<nom>Terra</nom>
 		<continent>
			<nom>Europa</nom>
			<paissos>
				<pais>
					<nom>Liechenstein</nom>
					<capitalpais>
						<nom>Vaduz</nom>
					</capitalpais>
				</pais>
				<pais>
					<nom>Albania</nom>
					<capitalpais>
						<nom>Tirana</nom>
					</capitalpais>
				</pais>
				<pais>
					<nom>Malta</nom>
					<capitalpais>
						<nom>La Valetta</nom>
					</capitalpais>
				</pais>
			</paissos>
		</continent>
		<continent>
			<nom>Amèrica</nom>
			<paissos>
				<pais>
					<nom>Cuba</nom>
					<capitalpais>
						<nom>La Habana</nom>
					</capitalpais>
				</pais>
				<pais>
					<nom>Peru</nom>
					<capitalpais>
						<nom>Lima</nom>
					</capitalpais>
				</pais>
				<pais>
					<nom>Colombia</nom>
					<capitalpais>
						<nom>Bogotà</nom>
					</capitalpais>
				</pais>
				<pais>
					<nom>Ecuador</nom>
					<capitalpais>
						<nom>Quito</nom>
					</capitalpais>
				</pais>
			</paissos>
		</continent>
		<continent>
			<nom>Africa</nom>
			<paissos>
				<pais>
					<nom>Marroc</nom>
					<capitalpais>
						<nom>Rabat</nom>
					</capitalpais>
				</pais>
				<pais>
					<nom>Namibia</nom>
					<capitalpais>
						<nom>Windhoeck</nom>
					</capitalpais>
				</pais>
				<pais>
					<nom>Egipte</nom>
					<capitalpais>
						<nom>El Caire</nom>
						<poblacio>10 milions</poblacio>
					</capitalpais>
				</pais>
				<pais>
					<nom>Senegal</nom>
					<capitalpais>
						<nom>Dakar</nom>
					</capitalpais>
				</pais>
			</paissos>
		</continent
	</zonaplanetaria>
</mon>
			

