<?xml version="1.0" encoding="utf-8"?>
<?xml-stylesheet media="all" href="taller.css"?>
<taller>
	<nom>El mecànic de Sant Martí</nom>
	<telefon>9345167321245</telefon>
	<propietari edat="47">
		<nom>Pep Jiménez</nom>
		<email>taller@santmarti.com</email>				
		<telefon>3456</telefon>
	</propietari>
	<vehicles>
		<vehicle tipus="cotxe">
			<nom matricula="GR-1324-BL">Renault 11</nom>
			<propietari edat="18">
				<nom>Mireia Nit</nom>		
				<email>mnit@gmail.com</email>				
				<telefon>1245</telefon>
				<codiclient>
					<nom>tunningmireia</nom>
				</codiclient>
			</propietari>
		</vehicle>
		<vehicle tipus="ciclomotor">
			<nom>Derby Variant</nom>
			<propietari edat="17">
				<nom>Álex Márquez</nom>		
				<telefon>341245</telefon>
				<codiclient>
					<nom>alexmarquez</nom>
				</codiclient>
			</propietari>
		</vehicle>
		<vehicle tipus="autobus">
			<nom matricula="TMB-1324">Pegasus Colectivo</nom>
			<propietari edat="31">
				<nom>Otto Springfield</nom>		
				<telefon>431245</telefon>
				<codiclient>
					<nom>otto</nom>
				</codiclient>
			</propietari>
		</vehicle>
		<vehicle tipus="zeppelin">
			<nom>Redbull Stratos</nom>
			<propietari edat="48">
				<nom>Felix Baumgartner</nom>		
				<email>saltarin@melafoto.com</email>				
				<telefon>007</telefon>
				<codiclient>
					<nom>saltamartí</nom>
				</codiclient>
			</propietari>
		</vehicle>
		<vehicle tipus="bicicleta">
			<nom>BMX-California</nom>
			<propietari edat="12">
				<nom>Monica</nom>		
				<email>monica@bikers.com</email>				
				<telefon>93456123</telefon>
				<codiclient>
					<nom>virus</nom>
				</codiclient>
			</propietari>
		</vehicle>
	</vehicles>
</taller>

