<persones classe="asix/daw1">
<alumne>
<nom>AlbeRt</nom>
<edat>20</edat>
</alumne>
<alumne>
<nom>Javi</nom>
<edat>23</edat>
</alumne>
<alumne>
<nom id="subdelegat">Miquel Angel</nom>
<edat>18</edat>
</alumne>
<alumne>
<nom id="menors">Rafel</nom>
<edat>16</edat>
</alumne>
<alumne>
<nom id="menors">RaúL</nom>
<edat>16</edat>
</alumne>
<professors>
<professor>
<nom>Victor</nom>
<modul>Programació</modul>
</professor>
<professor>
<nom>Olga</nom>
<modul>FOL i EIE</modul>
</professor>
</professors>
</persones>
