<?xml version="1.0" encoding="UTF-8"?>
<!DOCTYPE comanda SYSTEM "comanda.dtd">
<comanda numero="factura26">
	<client codi="cl20">
		<nom>Frederic</nom>
		<cognom>Garcia</cognom>
	</client>
	<articles>
		<article>
			<descripcio>Yoda Mimobot USB Flash Drive 8GB</descripcio>
			<quantitat>5</quantitat>
			<preu>38.99</preu>
		</article>
		<article>
			<descripcio>Darth Vader Half Helmet Case for iPhone</descripcio>
			<quantitat>2</quantitat>	
			<preu>29.95</preu>
		</article>
	</articles>
	<total valor="254,85"/>
</comanda>


