<r>
  <email></email>
  <name></name>
  <cognoms></cognoms>
  <incidencia></incidencia>
</r>
<?xml version="1.0" encoding="UTF-8"?>
<bicing_stations>
<r>
  <email>bob@example.com</email>
  <name>Bob</name>
  <cognoms></cognoms>
  <incidencia>No funciona</incidencia>
</r>
 <updatetime><![CDATA[1457463969]]></updatetime>
 <station>
  <id>1</id>
  <type>BIKE</type>
  <lat>41.397952</lat>
  <long>2.180042</long>
  <street><![CDATA[Gran Via Corts Catalanes]]></street>
  <height>21</height>
  <streetNumber>760</streetNumber>
  <nearbyStationList>24, 369, 387, 426</nearbyStationList>
  <status>OPN</status>
  <slots>13</slots>
  <bikes>10</bikes>
 </station>
 <station>
  <id>2</id>
  <type>BIKE</type>
  <lat>41.39553</lat>
  <long>2.17706</long>
  <street><![CDATA[Roger de Flor/ Gran V&iacute;a]]></street>
  <height>21</height>
  <streetNumber>126</streetNumber>
  <nearbyStationList>360, 368, 387, 414</nearbyStationList>
  <status>OPN</status>
  <slots>19</slots>
  <bikes>8</bikes>
 </station>
</bicing_stations>
